a,137,80,78,71,13,10,26,10,0,0,0,13,73,72,68,82,0,0,0,39,0,0,0,48,8,0,0,0,0,183,27,60,202,0,0,1,62,73,68,65,84,56,17,141,193,161,78,28,81,24,134,225,247,115,205,90,114,124,19,4,170,136,115,9,176,10,65,130,34,97,221,6,3,134,75,232,108,69,13,2,209,20,83,12,217,100,131,106,88,119,28,106,19,46,161,162,153,4,213,202,154,10,146,73,63,10,129,211,153,80,241,63,143,76,136,76,136,76,136,76,136,76,136,76,136,76,136,76,136,76,136,76,136,76,136,76,136,76,136,76,136,76,136,76,136,76,136,76,136,76,136,204,192,213,167,159,45,144,222,157,109,210,39,51,176,152,240,236,248,51,61,50,3,139,9,47,190,238,241,143,204,192,226,252,96,231,45,221,197,17,140,151,35,42,153,255,233,166,115,54,86,107,84,50,175,253,248,254,235,188,144,74,166,146,25,250,246,229,186,229,73,42,153,74,102,224,195,123,254,202,111,254,220,146,74,166,146,233,91,76,224,248,116,4,179,134,84,50,149,76,79,55,157,51,94,142,128,89,67,42,153,74,166,231,126,123,197,120,57,130,187,173,150,84,50,149,76,79,55,157,195,213,62,55,135,45,164,146,169,100,250,102,13,79,210,250,45,169,100,42,153,190,251,237,21,143,78,127,55,164,146,169,100,6,186,143,151,45,91,39,187,179,134,84,50,149,76,136,76,136,76,136,76,136,76,136,76,136,76,136,76,136,76,136,76,136,76,136,76,136,76,136,76,200,3,119,80,112,1,110,40,128,234,0,0,0,0,73,69,78,68,174,66,96,130
b,137,80,78,71,13,10,26,10,0,0,0,13,73,72,68,82,0,0,0,40,0,0,0,48,8,0,0,0,0,70,16,103,71,0,0,1,112,73,68,65,84,56,17,141,193,33,139,148,81,24,134,225,251,169,95,49,28,230,23,24,14,24,183,136,216,246,76,53,76,18,217,190,160,77,92,179,10,34,226,138,197,180,96,16,4,227,192,180,53,137,225,5,241,71,44,108,242,55,28,16,30,103,89,102,230,132,47,188,215,37,147,35,147,35,147,35,147,35,147,35,147,35,147,35,147,35,147,35,147,35,147,35,147,35,51,232,45,168,81,152,33,51,232,45,168,81,152,33,51,232,45,168,81,152,33,51,232,45,168,81,152,33,51,232,45,168,81,152,33,51,232,45,168,81,152,33,51,232,45,168,81,152,33,51,232,45,168,81,126,126,184,228,232,201,179,137,129,204,160,183,160,198,143,19,110,60,220,20,14,100,6,189,5,245,253,138,91,167,23,28,200,12,122,11,22,119,127,115,107,113,121,196,158,204,160,183,0,222,62,159,254,125,121,10,156,159,177,39,51,232,45,96,189,98,235,251,9,44,55,19,59,50,131,222,130,26,133,173,235,227,43,150,155,137,29,153,65,111,65,141,194,214,245,241,21,203,205,196,142,204,160,183,160,70,97,235,207,125,88,110,38,118,100,6,189,5,172,87,108,189,121,13,167,23,236,201,12,122,11,88,124,126,204,223,143,159,128,245,138,61,153,65,111,193,65,141,194,158,204,160,183,160,62,248,202,173,245,138,3,153,65,111,65,253,245,242,27,55,206,207,24,200,12,122,11,106,220,121,247,138,197,163,23,247,24,201,228,200,228,200,228,200,228,200,228,200,228,200,228,200,228,200,228,200,228,200,228,200,228,200,228,200,228,252,7,46,201,144,1,33,56,150,32,0,0,0,0,73,69,78,68,174,66,96,130
c,137,80,78,71,13,10,26,10,0,0,0,13,73,72,68,82,0,0,0,39,0,0,0,48,8,0,0,0,0,183,27,60,202,0,0,1,18,73,68,65,84,56,17,141,193,173,74,4,1,0,133,209,239,214,233,251,18,6,131,197,176,77,39,11,27,197,54,160,47,32,152,181,90,182,9,34,8,178,96,17,23,167,217,180,172,97,159,192,180,32,248,18,11,3,87,252,97,156,153,45,247,28,153,136,76,68,38,34,19,145,137,200,68,100,34,50,17,153,136,76,68,38,34,19,145,137,200,68,100,34,50,17,153,136,76,68,38,34,179,225,253,230,105,197,248,236,128,14,153,129,207,227,103,126,204,39,252,147,233,91,239,47,248,85,214,5,45,153,158,166,154,241,167,172,11,90,50,61,203,93,96,124,118,0,47,143,151,5,45,153,158,251,35,40,235,130,33,153,174,166,154,193,124,194,6,153,174,166,154,49,122,222,97,131,76,87,83,205,96,62,97,131,76,207,197,57,156,76,11,134,100,122,150,187,192,248,106,155,230,117,250,80,208,146,233,89,239,47,248,83,214,5,45,153,190,229,225,138,95,101,93,208,146,25,248,216,91,241,109,116,61,225,159,204,80,115,123,247,6,213,233,22,29,50,17,153,136,76,68,38,34,19,145,137,200,68,100,34,50,17,153,136,76,68,38,34,19,145,137,124,1,78,131,96,1,152,232,86,31,0,0,0,0,73,69,78,68,174,66,96,130
d,137,80,78,71,13,10,26,10,0,0,0,13,73,72,68,82,0,0,0,40,0,0,0,48,8,0,0,0,0,70,16,103,71,0,0,1,100,73,68,65,84,56,17,141,193,49,138,84,65,24,133,209,239,38,6,166,69,175,161,192,176,147,206,71,55,96,40,34,66,33,19,52,102,130,137,73,55,152,233,6,6,35,41,48,82,67,153,108,162,74,122,7,38,15,38,114,13,66,193,181,7,161,222,107,120,193,127,142,76,140,76,140,76,140,76,140,76,140,76,140,76,140,76,140,76,140,76,140,76,140,76,140,204,170,94,42,185,37,6,153,85,189,84,114,75,12,50,171,122,169,228,150,24,100,86,245,82,201,45,49,200,172,234,165,146,91,98,144,89,213,75,37,183,196,32,179,170,151,74,110,137,65,230,210,159,47,95,39,182,175,247,165,146,91,98,144,185,112,122,49,241,224,21,149,220,18,131,204,210,105,199,44,183,196,32,179,208,75,101,150,91,98,144,89,56,237,128,242,238,9,119,111,38,200,45,49,200,44,28,15,112,125,195,217,253,213,68,110,137,65,102,214,75,133,159,207,57,235,165,146,91,98,144,153,245,82,217,220,110,57,235,165,146,91,98,144,153,245,82,217,220,110,57,251,251,180,145,91,98,144,89,56,30,224,250,134,179,211,14,114,75,12,50,11,223,94,2,251,79,143,251,247,15,19,228,150,24,100,22,238,175,38,102,185,37,6,153,165,227,129,255,62,254,174,228,150,24,100,150,122,169,60,120,246,227,109,37,183,196,32,115,233,238,243,47,54,239,247,143,74,37,183,196,32,19,35,19,35,19,35,19,35,19,35,19,35,19,35,19,35,19,35,19,35,19,35,19,35,19,35,19,243,15,68,144,139,1,57,21,47,203,0,0,0,0,73,69,78,68,174,66,96,130
e,137,80,78,71,13,10,26,10,0,0,0,13,73,72,68,82,0,0,0,39,0,0,0,48,8,0,0,0,0,183,27,60,202,0,0,1,33,73,68,65,84,56,17,141,193,49,74,28,113,0,197,225,223,107,183,29,230,12,83,37,197,54,11,150,106,14,176,117,186,133,36,176,141,141,88,239,214,230,2,54,177,88,176,20,210,132,37,72,154,48,32,158,65,4,193,75,8,3,47,65,157,153,255,186,205,251,62,153,136,76,68,38,34,19,145,137,200,68,100,34,50,17,153,136,76,68,38,34,19,145,137,200,68,100,34,50,17,153,136,76,68,38,34,243,78,247,247,251,47,56,152,47,39,20,100,118,61,125,217,242,162,222,78,25,201,236,120,62,106,121,211,180,21,3,153,82,183,216,80,159,45,39,220,124,130,243,83,6,50,165,199,195,7,174,231,252,183,94,113,252,115,66,79,166,116,245,153,81,211,86,244,100,74,235,21,163,122,59,165,39,83,232,22,27,70,245,118,74,79,166,208,45,54,112,61,103,159,76,105,189,130,175,23,236,147,41,221,205,128,197,201,71,184,255,115,241,187,98,32,83,122,62,106,233,53,109,197,64,102,199,221,140,94,211,86,12,100,118,221,124,123,224,85,211,86,12,100,222,233,126,92,222,66,253,225,228,120,194,72,38,34,19,145,137,200,68,100,34,50,17,153,136,76,68,38,34,19,145,137,200,68,100,34,50,145,127,3,51,97,1,143,15,10,45,0,0,0,0,73,69,78,68,174,66,96,130
f,137,80,78,71,13,10,26,10,0,0,0,13,73,72,68,82,0,0,0,40,0,0,0,48,8,0,0,0,0,70,16,103,71,0,0,1,4,73,68,65,84,56,17,141,193,161,81,197,64,20,133,225,255,88,124,26,121,37,4,26,88,201,224,35,169,0,177,91,70,6,133,65,238,12,238,53,128,161,136,204,68,81,3,234,0,19,179,185,207,220,239,147,201,145,201,145,201,145,201,145,201,145,201,145,201,145,201,145,201,145,201,145,201,145,201,145,185,245,253,250,182,77,47,207,140,100,110,124,61,110,192,116,189,48,144,137,126,238,63,249,51,93,47,12,100,162,247,39,254,77,215,11,3,153,168,85,120,248,184,227,76,38,106,21,122,33,144,137,90,133,94,8,100,78,246,121,227,176,172,140,100,78,246,121,227,176,172,140,100,78,246,121,227,176,172,140,100,78,246,121,227,176,172,140,100,162,86,161,23,2,153,168,85,232,133,64,38,106,21,122,33,144,137,90,133,94,8,100,162,86,161,23,2,153,168,85,232,133,64,38,106,21,122,33,144,137,90,133,94,8,100,162,86,161,23,2,153,168,85,232,133,64,38,106,21,122,33,144,201,145,201,145,201,145,201,145,201,145,201,145,201,145,201,145,201,145,201,145,201,145,201,145,201,145,201,249,5,206,87,100,1,18,7,247,7,0,0,0,0,73,69,78,68,174,66,96,130
g,137,80,78,71,13,10,26,10,0,0,0,13,73,72,68,82,0,0,0,39,0,0,0,48,8,0,0,0,0,183,27,60,202,0,0,1,131,73,68,65,84,56,17,141,193,177,138,19,81,24,134,225,247,107,211,30,114,5,22,7,82,73,154,20,118,201,222,192,86,91,108,55,69,2,22,90,164,85,201,20,22,106,33,216,197,194,102,96,203,160,93,138,44,138,112,64,114,17,3,129,189,9,97,224,119,100,57,153,19,216,226,127,30,25,46,50,92,100,184,200,112,145,225,34,195,69,134,139,12,23,25,46,50,92,100,184,200,112,145,225,34,195,69,134,139,12,23,25,46,50,92,100,184,200,184,244,240,249,123,75,181,126,182,72,196,20,200,100,92,56,172,90,122,241,254,38,17,83,32,147,81,58,206,120,116,243,144,136,41,144,201,40,116,85,195,32,166,64,38,163,112,156,1,213,122,194,97,213,66,76,129,76,70,161,222,192,114,75,239,52,111,137,41,144,201,24,116,85,3,187,107,122,93,213,16,83,32,147,49,232,170,134,241,126,74,175,171,26,98,10,100,50,6,93,213,48,222,79,233,253,93,36,98,10,100,50,10,245,6,150,91,122,199,25,196,20,200,100,20,238,110,129,151,159,70,221,175,85,11,49,5,50,25,133,211,188,101,16,83,32,147,81,170,55,60,122,119,159,136,41,144,201,40,117,239,55,252,183,252,178,72,196,20,200,100,92,250,249,113,207,248,205,171,211,188,37,166,64,38,227,73,119,183,16,83,32,147,241,148,211,188,133,229,150,51,25,165,250,247,235,171,17,221,183,15,45,176,187,230,76,70,169,222,112,118,245,99,196,153,140,82,189,33,139,187,9,3,25,165,174,106,120,244,226,235,132,130,140,75,135,183,127,96,250,124,61,225,130,12,23,25,46,50,92,100,184,200,112,145,225,34,195,229,31,15,115,143,1,22,52,131,86,0,0,0,0,73,69,78,68,174,66,96,130
h,137,80,78,71,13,10,26,10,0,0,0,13,73,72,68,82,0,0,0,40,0,0,0,48,8,0,0,0,0,70,16,103,71,0,0,1,72,73,68,65,84,56,17,141,193,177,109,149,97,12,134,209,231,109,111,139,60,3,189,71,64,89,2,209,185,64,40,53,21,140,144,142,142,218,19,164,243,2,236,64,21,41,18,99,88,50,130,226,207,87,220,194,231,104,216,209,176,163,97,71,195,142,134,29,13,59,26,118,52,236,104,216,209,176,163,97,71,195,142,134,67,71,98,229,220,161,225,208,145,88,57,119,104,56,116,36,86,206,29,26,14,29,137,149,115,135,134,67,71,98,229,220,161,225,208,145,88,57,119,104,56,116,36,86,206,29,26,14,29,137,149,191,126,41,252,227,227,141,131,134,67,71,98,245,251,19,255,60,60,223,120,163,225,208,145,216,143,239,47,252,247,244,149,55,26,14,29,201,155,135,231,27,23,13,135,142,4,30,159,110,127,190,37,188,255,245,142,139,134,67,71,194,231,159,192,235,135,23,172,156,139,134,67,71,98,229,64,71,98,229,92,52,28,58,18,43,7,58,18,43,231,162,225,208,145,88,57,208,145,88,57,23,13,135,142,196,202,129,142,196,202,185,104,56,116,36,86,14,116,36,86,206,69,195,161,35,177,114,160,35,177,114,46,26,14,29,137,149,3,29,137,149,115,209,112,232,72,172,28,232,72,172,156,139,134,67,71,98,229,64,71,98,229,92,52,236,104,216,209,176,163,97,71,195,142,134,29,13,59,26,118,52,236,104,216,209,176,163,97,71,195,142,134,157,191,217,246,154,1,107,254,117,110,0,0,0,0,73,69,78,68,174,66,96,130
i,137,80,78,71,13,10,26,10,0,0,0,13,73,72,68,82,0,0,0,39,0,0,0,48,8,0,0,0,0,183,27,60,202,0,0,0,240,73,68,65,84,56,17,141,193,161,113,3,64,12,68,209,191,53,220,184,6,241,144,112,95,5,169,34,44,21,184,166,224,0,83,145,20,225,25,215,16,116,104,131,37,19,189,39,51,34,51,34,51,34,51,34,51,34,51,34,51,34,51,34,51,34,51,34,51,34,51,34,243,226,254,249,119,251,162,146,233,158,215,7,151,159,55,10,153,238,247,29,248,254,160,144,233,158,215,7,151,159,55,10,153,23,247,207,191,219,23,149,204,136,204,136,76,119,118,18,185,40,100,186,179,147,200,69,33,211,157,157,68,46,10,153,238,236,36,114,81,200,116,103,39,145,139,66,166,59,59,137,92,20,50,221,217,73,228,162,144,233,206,78,34,23,133,76,119,118,18,185,40,100,186,179,147,200,69,33,211,157,157,68,46,10,153,238,236,36,114,81,200,116,103,39,145,139,66,166,59,59,137,92,20,50,221,217,73,228,162,144,25,145,25,145,25,145,25,145,25,145,25,145,25,145,25,145,25,145,25,145,25,145,25,145,25,145,25,249,7,213,92,107,1,133,58,254,137,0,0,0,0,73,69,78,68,174,66,96,130
j,137,80,78,71,13,10,26,10,0,0,0,13,73,72,68,82,0,0,0,40,0,0,0,48,8,0,0,0,0,70,16,103,71,0,0,1,48,73,68,65,84,56,17,141,193,33,78,157,65,24,133,225,247,216,107,39,172,97,146,202,107,126,81,199,176,1,92,217,64,73,16,168,186,178,145,118,5,85,36,56,4,170,201,103,254,69,220,132,164,59,64,141,58,180,85,55,7,51,207,35,179,70,102,141,204,26,153,53,50,107,100,214,200,172,145,89,35,179,70,102,141,204,26,153,53,50,233,229,246,237,225,158,36,19,94,47,79,92,60,31,9,50,97,223,128,199,107,130,76,120,189,60,113,241,124,36,200,164,151,219,183,135,123,146,204,26,153,53,50,97,142,162,87,35,200,132,57,138,94,141,32,19,230,40,122,53,130,76,152,163,232,213,8,50,97,142,162,87,35,200,132,57,138,94,141,32,19,230,40,122,53,130,76,152,163,232,213,8,50,97,142,162,87,35,200,132,57,138,94,141,32,19,230,40,122,53,130,76,152,163,232,213,8,50,97,142,162,87,35,200,132,57,138,94,141,32,19,230,40,122,53,130,76,152,163,232,213,8,50,97,223,224,234,233,64,144,57,179,255,254,246,231,75,193,215,31,36,153,51,251,198,127,143,215,36,153,51,251,198,63,87,79,7,146,204,153,125,227,175,207,63,63,241,129,204,185,95,223,79,199,155,187,3,31,201,172,145,89,35,179,70,102,141,204,26,153,53,50,107,222,1,252,50,126,1,165,23,139,46,0,0,0,0,73,69,78,68,174,66,96,130
k,137,80,78,71,13,10,26,10,0,0,0,13,73,72,68,82,0,0,0,39,0,0,0,48,8,0,0,0,0,183,27,60,202,0,0,1,74,73,68,65,84,56,17,141,193,33,78,220,97,16,198,225,223,107,49,21,95,56,195,248,53,164,169,99,184,0,87,64,112,2,234,23,215,4,91,131,107,130,39,89,135,173,24,195,33,54,225,14,53,163,166,169,40,59,155,191,153,231,81,49,162,98,68,197,136,138,17,21,35,42,70,84,140,168,24,81,49,162,98,68,197,136,138,17,21,77,122,96,177,216,82,209,164,7,22,139,45,21,77,122,96,177,216,82,209,164,7,22,139,45,21,77,122,96,177,216,82,209,164,7,22,139,45,21,77,122,96,177,216,82,209,164,7,22,11,62,174,143,240,244,192,39,21,77,122,96,177,72,15,184,127,230,68,69,147,30,88,44,30,247,112,115,184,224,68,69,147,30,88,172,247,43,248,118,88,52,42,154,244,192,226,207,245,17,139,69,167,162,73,15,236,247,247,23,46,223,118,156,81,209,164,7,246,245,23,188,222,114,78,69,147,30,252,115,249,182,227,156,138,38,61,176,31,183,96,177,56,163,162,73,15,44,126,238,225,230,112,65,167,162,73,15,44,190,220,189,192,253,51,157,138,38,61,176,88,31,215,71,120,122,160,81,209,164,7,22,139,247,43,224,245,150,19,21,77,122,96,177,224,113,15,151,111,59,62,169,104,210,3,139,5,233,1,22,139,255,84,140,168,24,81,49,162,98,68,197,136,138,17,21,35,42,70,84,140,168,24,81,49,162,98,68,197,136,138,145,191,233,148,145,1,119,184,115,89,0,0,0,0,73,69,78,68,174,66,96,130
l,137,80,78,71,13,10,26,10,0,0,0,13,73,72,68,82,0,0,0,40,0,0,0,48,8,0,0,0,0,70,16,103,71,0,0,0,215,73,68,65,84,56,17,141,193,49,1,0,48,8,4,177,123,13,21,129,16,180,35,138,233,59,195,68,34,115,35,115,35,115,35,115,35,115,35,115,35,115,35,115,35,115,35,115,35,115,35,115,35,179,117,22,81,143,73,102,235,44,162,30,147,204,214,89,68,61,38,153,173,179,136,122,76,50,91,103,17,245,152,100,182,206,34,234,49,201,108,157,69,212,99,146,217,58,139,168,199,36,179,117,22,81,143,73,102,235,44,162,30,147,204,214,89,68,61,38,153,173,179,136,122,76,50,91,103,17,245,152,100,182,206,34,234,49,201,108,157,69,212,99,146,217,58,139,168,199,36,179,117,22,81,143,73,102,235,44,162,30,147,204,214,89,68,61,38,153,173,179,136,122,76,50,91,103,17,245,152,100,182,206,34,234,49,201,220,200,220,200,220,200,220,200,220,200,220,200,220,200,220,200,220,200,220,200,220,200,220,200,220,200,220,124,91,228,114,1,58,168,38,125,0,0,0,0,73,69,78,68,174,66,96,130
m,137,80,78,71,13,10,26,10,0,0,0,13,73,72,68,82,0,0,0,40,0,0,0,48,8,0,0,0,0,70,16,103,71,0,0,1,122,73,68,65,84,56,17,141,193,161,138,80,81,16,128,225,127,234,214,101,158,192,176,176,241,148,219,215,181,218,196,96,155,112,95,64,131,81,171,130,6,211,205,83,180,8,182,9,130,105,65,238,19,152,4,193,151,16,6,198,229,28,49,207,247,73,209,35,69,143,20,61,82,244,72,209,35,69,143,20,61,82,244,72,209,35,69,143,20,61,82,244,72,209,35,69,143,20,61,82,244,72,209,35,69,143,20,61,82,44,105,142,198,248,246,38,184,249,112,13,191,223,191,67,159,188,189,224,31,41,150,52,71,227,199,51,238,105,140,95,55,63,185,119,117,119,201,34,197,146,230,232,203,231,76,183,159,30,223,49,237,7,139,20,75,154,243,159,62,248,206,114,117,119,201,36,197,146,230,192,199,167,124,125,196,189,171,207,215,105,14,26,131,73,138,37,205,225,237,11,224,245,43,208,24,240,231,225,29,26,131,73,138,37,205,209,24,192,185,193,237,151,11,72,115,52,6,147,20,75,154,163,49,128,115,131,253,0,210,28,141,193,36,197,146,230,104,12,224,220,96,63,128,52,71,99,48,73,177,164,57,26,3,56,55,216,15,32,205,209,24,76,82,44,105,142,198,0,206,13,246,3,72,115,52,6,147,20,75,154,163,49,128,115,131,253,0,210,28,141,193,36,197,146,230,104,12,224,220,96,63,128,52,71,99,48,73,177,164,57,26,3,56,55,216,15,32,205,209,24,76,82,44,105,142,198,0,206,13,246,3,72,115,52,6,147,20,61,82,244,72,209,35,69,143,20,61,82,244,72,209,35,69,143,20,61,82,244,72,209,35,69,143,20,61,82,244,252,5,69,91,163,1,85,27,30,6,0,0,0,0,73,69,78,68,174,66,96,130
n,137,80,78,71,13,10,26,10,0,0,0,13,73,72,68,82,0,0,0,39,0,0,0,48,8,0,0,0,0,183,27,60,202,0,0,1,43,73,68,65,84,56,17,141,193,33,138,214,81,20,198,225,223,91,191,42,103,5,6,251,45,118,157,149,28,24,131,77,16,139,213,102,179,153,207,10,166,221,13,12,184,138,1,97,54,33,28,120,69,133,255,53,158,231,145,25,145,25,145,25,145,25,145,25,145,25,145,25,145,25,145,25,145,25,145,25,145,25,145,25,145,25,145,25,145,25,145,25,145,25,145,25,145,57,58,139,216,235,249,126,19,159,222,223,248,143,204,209,89,196,238,215,252,113,247,112,227,144,57,58,139,248,246,249,137,191,190,126,228,144,57,58,139,120,249,131,127,238,30,110,92,100,142,206,2,190,124,184,61,223,111,120,245,248,130,139,204,209,89,240,238,59,240,243,205,19,177,23,23,153,163,179,136,189,128,95,111,31,137,189,184,200,28,157,69,236,5,116,22,177,23,23,153,163,179,136,189,128,206,34,246,226,34,115,116,22,177,23,208,89,196,94,92,100,142,206,34,246,2,58,139,216,139,139,204,209,89,196,94,64,103,17,123,113,145,57,58,139,216,11,232,44,98,47,46,50,71,103,17,123,1,157,69,236,197,69,230,232,44,98,47,160,179,136,189,184,200,140,200,140,200,140,200,140,200,140,200,140,200,140,200,140,200,140,200,140,200,140,200,140,200,140,200,140,252,6,174,98,134,1,127,87,56,39,0,0,0,0,73,69,78,68,174,66,96,130
o,137,80,78,71,13,10,26,10,0,0,0,13,73,72,68,82,0,0,0,40,0,0,0,48,8,0,0,0,0,70,16,103,71,0,0,1,46,73,68,65,84,56,17,141,193,177,74,195,96,24,133,225,247,172,89,37,187,155,80,112,233,210,193,45,100,22,122,11,1,139,184,56,136,115,219,189,55,80,29,179,23,186,101,115,16,151,94,65,167,64,64,240,38,2,71,130,152,63,221,190,231,145,137,145,137,145,137,145,137,145,137,145,137,145,137,145,137,145,137,145,137,145,137,145,137,145,137,145,137,145,137,145,137,145,137,145,137,145,137,145,185,244,177,59,183,80,60,151,25,23,100,166,190,31,26,254,228,205,156,41,153,137,174,104,249,151,55,115,38,100,146,190,170,73,110,190,174,72,100,146,211,2,168,94,102,252,188,175,129,195,146,68,38,217,110,96,181,103,176,221,192,106,79,34,51,234,171,26,14,75,6,93,209,82,30,51,70,50,163,190,170,201,155,57,131,174,104,41,143,25,35,153,81,95,213,112,88,50,56,45,160,60,102,140,100,146,237,6,86,123,6,219,13,172,246,36,50,201,105,1,60,189,94,243,243,190,6,14,75,18,153,164,175,106,146,242,152,145,200,76,116,69,203,191,188,153,51,33,51,213,61,54,252,185,123,155,49,37,115,161,255,220,157,91,242,219,231,123,46,201,196,200,196,200,196,200,196,200,196,200,196,200,196,200,196,200,196,200,196,200,196,200,196,200,196,200,196,252,2,241,228,110,1,10,248,16,200,0,0,0,0,73,69,78,68,174,66,96,130
p,137,80,78,71,13,10,26,10,0,0,0,13,73,72,68,82,0,0,0,39,0,0,0,48,8,0,0,0,0,183,27,60,202,0,0,1,106,73,68,65,84,56,17,141,193,161,138,212,81,24,198,225,223,91,167,24,14,115,5,134,3,70,139,136,109,207,84,195,36,145,237,43,216,196,49,171,32,34,142,88,76,219,4,193,56,48,77,65,16,195,7,226,69,12,108,242,26,78,122,157,101,157,57,19,254,225,123,30,153,20,153,20,153,20,153,20,153,20,153,20,153,20,153,20,153,20,153,20,153,20,153,20,153,20,153,20,153,20,153,20,153,20,153,20,153,20,153,161,183,160,70,249,249,254,27,119,31,63,157,113,66,102,232,45,168,241,253,156,107,15,182,133,65,102,232,45,168,239,150,220,88,108,103,28,201,12,189,5,243,219,191,249,111,179,228,72,102,232,45,128,55,207,102,252,120,178,131,139,75,142,100,134,222,2,214,43,246,190,158,195,98,59,227,64,102,232,45,168,81,216,187,58,219,81,163,112,32,51,244,22,212,40,236,93,157,237,168,81,56,144,25,122,11,106,20,246,254,220,131,197,118,198,129,204,208,91,192,102,201,222,235,87,112,113,201,145,204,208,91,192,252,211,35,254,126,248,8,172,87,28,201,12,189,5,67,141,194,145,204,208,91,80,239,127,230,198,102,201,32,51,244,22,212,95,47,190,112,109,189,226,132,204,208,91,80,227,214,219,151,204,31,62,191,195,41,153,161,183,160,70,97,130,204,208,91,80,163,48,65,102,232,45,168,81,152,32,51,244,22,212,40,76,144,25,122,11,106,20,38,200,12,189,5,53,10,19,100,134,222,130,26,133,9,50,41,50,41,50,41,50,41,50,41,50,41,50,41,255,0,138,194,144,1,109,105,165,11,0,0,0,0,73,69,78,68,174,66,96,130
q,137,80,78,71,13,10,26,10,0,0,0,13,73,72,68,82,0,0,0,40,0,0,0,48,8,0,0,0,0,70,16,103,71,0,0,1,100,73,68,65,84,56,17,141,193,49,107,20,97,20,133,225,247,96,103,251,145,94,176,248,250,52,219,103,172,5,171,20,118,83,36,144,86,176,83,146,90,193,58,245,128,96,35,86,146,34,65,155,219,236,143,88,8,228,79,12,12,28,87,2,185,27,152,226,62,143,76,141,76,141,76,141,76,141,76,141,76,141,76,141,76,141,76,141,76,141,76,141,76,141,76,141,76,141,76,141,76,141,76,141,76,141,76,141,204,51,15,223,126,237,24,63,188,30,130,30,141,36,115,232,246,124,199,94,191,59,13,122,52,146,204,129,237,134,71,167,15,65,143,70,146,73,203,56,145,122,52,146,76,218,110,128,241,211,43,110,207,119,208,163,145,100,210,213,37,156,93,179,119,127,178,163,71,35,201,60,89,198,9,126,190,99,111,25,39,122,52,146,204,147,101,156,56,186,57,102,111,25,39,122,52,146,204,147,101,156,56,186,57,102,111,30,130,30,141,36,147,174,46,225,236,154,189,237,6,122,52,146,76,250,254,30,184,248,242,114,249,123,190,131,30,141,36,147,238,79,118,164,30,141,36,115,224,234,146,71,159,239,130,30,141,36,115,96,25,39,254,123,243,227,109,208,163,145,100,158,249,243,245,55,71,31,47,94,12,65,143,70,146,89,51,15,65,143,70,146,89,51,15,65,143,70,146,89,51,15,65,143,70,146,89,51,15,65,143,70,146,89,51,15,65,143,70,146,89,51,15,65,143,70,146,89,51,15,65,143,70,146,169,145,169,145,169,145,169,145,169,145,169,145,169,249,7,118,239,142,1,142,192,90,170,0,0,0,0,73,69,78,68,174,66,96,130
r,137,80,78,71,13,10,26,10,0,0,0,13,73,72,68,82,0,0,0,39,0,0,0,48,8,0,0,0,0,183,27,60,202,0,0,0,227,73,68,65,84,56,17,141,193,161,77,6,65,20,133,209,239,90,236,102,107,24,191,14,61,69,80,7,9,18,137,163,9,232,98,13,242,213,68,70,93,18,212,255,70,221,115,100,34,50,17,153,136,76,68,38,34,19,145,137,200,68,100,34,50,17,153,136,76,68,38,34,19,145,137,200,68,100,34,50,17,153,136,76,179,102,49,234,247,253,251,188,47,30,200,52,107,22,227,231,165,56,239,139,7,50,205,154,197,120,254,130,243,190,120,32,211,172,89,252,59,239,139,7,50,205,154,5,124,188,62,209,201,52,107,22,124,190,177,147,105,214,44,206,251,98,39,211,172,89,140,58,216,201,52,107,22,163,14,118,50,205,154,197,168,131,157,76,179,102,49,234,96,39,211,172,89,140,58,216,201,52,107,22,163,14,118,50,205,154,197,168,131,157,76,179,102,49,234,96,39,19,145,137,200,68,100,34,50,17,153,136,76,68,38,34,19,145,137,200,68,100,34,50,17,153,200,31,29,108,99,1,178,251,48,23,0,0,0,0,73,69,78,68,174,66,96,130
s,137,80,78,71,13,10,26,10,0,0,0,13,73,72,68,82,0,0,0,40,0,0,0,48,8,0,0,0,0,70,16,103,71,0,0,1,20,73,68,65,84,56,17,141,193,175,74,131,97,0,197,225,223,169,95,149,93,195,64,176,88,12,182,185,44,44,127,89,131,197,50,22,76,22,139,179,42,136,81,248,130,97,104,145,53,131,88,188,2,211,64,24,136,151,32,8,71,252,19,222,87,13,231,121,100,50,50,25,153,140,76,70,38,35,147,145,201,200,100,100,50,50,25,153,140,76,70,38,35,147,145,201,200,100,100,50,50,25,153,140,76,237,253,254,228,22,6,251,219,212,100,42,203,157,57,95,118,207,169,200,148,222,182,30,248,182,123,78,69,166,244,184,1,253,217,42,47,23,175,167,84,100,74,93,11,211,49,255,144,41,117,45,244,103,171,252,37,83,122,30,44,128,205,201,176,225,23,153,74,215,242,101,111,218,80,145,169,221,29,207,249,52,188,105,40,201,252,182,188,58,93,0,179,17,37,153,191,222,143,14,97,58,166,36,83,234,206,38,195,134,229,193,37,204,70,148,100,74,93,203,143,254,195,10,37,153,82,215,242,173,55,95,167,34,83,121,186,184,94,208,91,219,31,54,212,100,50,50,25,153,140,76,70,38,35,147,145,201,200,100,100,50,50,25,153,140,76,70,38,35,147,249,0,205,246,95,1,68,138,253,125,0,0,0,0,73,69,78,68,174,66,96,130
t,137,80,78,71,13,10,26,10,0,0,0,13,73,72,68,82,0,0,0,39,0,0,0,48,8,0,0,0,0,183,27,60,202,0,0,0,250,73,68,65,84,56,17,141,193,177,73,6,65,20,133,209,239,214,48,88,195,244,225,148,177,5,152,25,109,104,160,241,246,177,21,136,129,145,32,175,13,65,176,137,1,225,234,15,27,204,76,244,206,145,73,145,73,145,73,145,73,145,73,145,73,145,73,145,73,145,73,145,73,145,73,145,73,145,73,145,73,145,73,145,89,252,126,190,126,188,23,22,50,179,222,130,26,133,133,204,172,183,160,70,97,33,51,235,45,168,81,88,200,140,206,141,203,177,51,146,25,157,27,151,99,103,36,51,58,55,46,199,206,72,102,116,110,92,142,157,145,204,172,183,160,70,97,33,51,235,45,168,81,88,200,204,122,11,106,20,22,50,179,222,130,26,133,133,204,172,183,160,70,97,33,51,235,45,168,81,88,200,204,122,11,56,118,22,50,179,222,130,155,99,103,36,179,120,121,230,230,216,25,201,44,190,239,191,248,119,236,140,100,86,63,15,111,112,247,244,200,72,38,69,38,69,38,69,38,69,38,69,38,69,38,69,38,69,38,69,38,69,38,69,38,69,38,69,38,229,15,159,201,101,1,79,139,60,191,0,0,0,0,73,69,78,68,174,66,96,130
u,137,80,78,71,13,10,26,10,0,0,0,13,73,72,68,82,0,0,0,40,0,0,0,48,8,0,0,0,0,70,16,103,71,0,0,1,54,73,68,65,84,56,17,141,193,161,138,86,81,20,134,225,247,171,167,110,188,134,13,198,191,24,108,251,156,123,48,216,108,134,169,54,65,179,55,32,98,27,176,159,102,176,46,16,47,98,195,190,131,169,7,6,62,145,9,107,108,235,121,100,106,100,106,100,106,100,106,100,106,100,106,100,106,100,106,100,106,100,106,100,106,100,106,100,106,100,106,100,106,100,106,100,106,100,106,100,106,100,210,26,147,227,220,128,107,15,122,52,146,76,90,99,114,156,27,112,237,65,143,70,146,73,107,76,142,115,3,174,61,232,209,72,50,105,141,201,113,110,192,181,7,61,26,73,38,173,49,57,206,13,184,246,160,71,35,201,164,53,38,199,185,1,215,30,244,104,36,153,180,198,228,56,55,224,218,131,30,141,36,147,214,152,28,231,6,92,123,208,163,145,100,210,26,147,30,13,88,99,210,163,145,100,210,26,147,23,63,111,192,143,183,208,163,145,100,210,181,7,188,254,246,242,241,251,123,160,71,35,201,164,199,119,247,60,185,61,76,122,52,146,204,51,127,94,241,228,254,107,208,163,145,100,158,251,252,137,127,190,220,237,65,143,70,146,249,207,175,143,191,185,125,120,115,237,65,143,70,146,169,145,169,145,169,145,169,145,169,145,169,145,169,145,169,145,169,145,169,145,169,145,169,145,169,145,169,249,11,3,113,132,1,45,79,104,33,0,0,0,0,73,69,78,68,174,66,96,130
v,137,80,78,71,13,10,26,10,0,0,0,13,73,72,68,82,0,0,0,39,0,0,0,48,8,0,0,0,0,183,27,60,202,0,0,1,38,73,68,65,84,56,17,141,193,33,142,163,96,28,198,225,223,107,155,117,164,102,71,142,192,215,212,211,94,0,141,67,112,142,246,24,104,18,36,73,93,47,240,37,155,57,4,9,199,104,66,242,238,142,152,242,177,234,255,60,50,33,50,33,50,33,50,33,50,33,50,33,50,33,50,33,50,33,50,33,50,33,50,33,50,33,50,33,50,33,50,33,50,33,50,33,50,33,50,63,94,151,4,83,205,183,165,154,41,83,193,155,204,219,216,64,215,243,109,108,160,235,217,200,188,45,213,76,153,10,96,109,7,142,207,19,27,153,183,181,29,96,170,129,165,154,185,62,14,108,100,54,99,3,93,15,140,13,76,53,25,153,205,235,146,40,83,193,218,14,148,169,32,35,147,185,223,96,170,89,170,153,174,39,39,147,249,58,67,215,115,191,113,124,158,200,201,100,214,118,160,76,191,46,137,235,227,64,78,38,55,54,48,125,156,97,170,217,145,201,45,213,76,247,251,70,153,10,118,100,114,107,59,112,252,252,67,215,179,39,179,243,117,230,159,227,243,196,158,204,206,235,146,128,235,227,192,158,204,222,253,6,76,53,255,145,9,145,9,145,9,145,9,145,9,145,9,145,9,145,9,145,9,145,9,145,9,145,9,145,9,145,9,249,11,113,252,112,1,45,115,147,192,0,0,0,0,73,69,78,68,174,66,96,130
w,137,80,78,71,13,10,26,10,0,0,0,13,73,72,68,82,0,0,0,40,0,0,0,48,8,0,0,0,0,70,16,103,71,0,0,1,136,73,68,65,84,56,17,141,193,161,174,155,112,24,198,225,223,103,107,27,174,1,143,33,57,178,112,3,213,117,8,174,128,217,19,16,83,213,19,136,41,146,202,38,100,134,137,35,38,254,19,200,227,71,82,61,115,44,9,201,187,101,133,118,242,123,30,19,62,38,124,76,248,152,240,49,225,99,194,199,132,143,9,31,19,62,38,124,76,248,152,240,49,225,99,194,199,132,143,9,31,19,62,38,124,76,248,152,184,91,138,142,104,72,128,219,97,34,239,119,176,20,29,121,191,227,31,19,171,203,9,174,71,96,76,33,26,18,152,179,192,185,226,206,196,106,76,161,108,129,166,6,206,21,220,14,19,215,35,119,38,86,115,22,200,251,29,115,22,128,178,133,203,137,56,236,185,51,177,105,106,162,33,97,76,121,249,73,28,246,52,53,101,203,202,196,102,76,225,122,228,114,226,243,215,41,26,146,165,232,184,30,89,153,216,204,89,160,108,151,162,139,127,124,234,56,87,183,195,20,13,9,43,19,155,165,232,200,251,223,135,169,108,155,154,178,29,83,242,126,199,202,196,195,229,68,28,126,165,156,171,49,37,14,223,79,156,43,54,38,30,110,135,137,235,123,29,13,201,156,133,232,219,151,46,26,18,54,38,30,150,162,227,245,45,228,253,110,41,58,94,223,66,222,239,216,152,120,106,106,146,143,233,92,193,229,68,242,49,149,45,15,38,158,198,20,136,134,4,110,135,9,184,30,121,48,241,52,103,1,226,176,135,57,11,16,135,61,15,38,254,211,212,80,182,252,213,212,80,182,60,153,240,49,225,99,194,199,132,143,9,31,19,62,38,124,76,248,152,240,49,225,99,194,199,132,143,9,31,19,62,127,0,152,216,167,1,26,120,215,236,0,0,0,0,73,69,78,68,174,66,96,130
x,137,80,78,71,13,10,26,10,0,0,0,13,73,72,68,82,0,0,0,39,0,0,0,48,8,0,0,0,0,183,27,60,202,0,0,1,41,73,68,65,84,56,17,141,193,161,109,195,80,24,133,209,239,82,211,200,19,20,132,135,132,21,56,94,160,168,32,44,32,19,100,0,27,123,130,224,72,129,149,204,188,128,165,170,67,88,178,212,37,34,69,186,13,178,223,43,250,207,145,9,145,9,145,9,145,9,145,9,145,9,145,9,145,9,145,9,145,9,145,9,145,9,145,9,145,9,145,9,145,9,145,9,145,9,145,9,145,89,180,13,212,125,193,203,207,30,234,190,96,33,179,120,28,70,232,46,192,92,77,148,195,142,149,204,106,174,38,182,227,134,231,233,6,95,31,36,100,18,247,35,156,175,220,143,208,93,72,201,164,218,134,114,120,238,225,124,37,35,147,122,28,70,62,127,71,234,190,32,35,147,249,217,243,178,29,55,228,100,114,109,3,116,23,254,145,201,204,213,4,148,195,142,156,76,234,113,24,41,223,190,217,142,27,50,50,169,182,129,238,125,15,231,43,25,153,196,253,8,117,95,180,13,124,125,144,146,89,205,213,68,57,236,152,171,137,114,216,145,144,89,60,14,35,116,23,224,126,132,186,47,88,201,44,218,6,234,190,0,158,167,27,156,175,172,100,66,100,66,100,66,100,66,100,66,100,66,100,66,100,66,100,66,100,66,100,66,100,66,100,66,100,66,254,0,232,49,111,1,50,1,159,165,0,0,0,0,73,69,78,68,174,66,96,130
y,137,80,78,71,13,10,26,10,0,0,0,13,73,72,68,82,0,0,0,40,0,0,0,48,8,0,0,0,0,70,16,103,71,0,0,1,91,73,68,65,84,56,17,141,193,173,170,219,0,28,198,225,223,107,99,75,174,96,162,62,166,190,201,46,160,106,34,174,162,110,174,108,48,179,214,204,244,10,170,3,145,133,184,220,64,96,244,34,10,133,221,68,32,240,174,103,226,228,227,76,252,159,71,38,70,38,70,38,70,38,70,38,70,38,70,38,70,38,70,38,70,38,70,38,70,38,70,38,70,38,70,38,70,38,70,38,70,38,70,38,70,230,93,159,119,112,219,241,102,216,87,164,109,198,59,153,81,93,66,209,36,188,220,55,112,184,50,146,25,245,121,71,218,102,188,156,79,164,109,198,72,102,226,124,130,203,17,232,243,142,162,73,24,201,76,60,183,15,214,221,10,238,27,184,237,152,144,153,58,159,224,182,99,216,87,172,187,21,19,50,83,207,237,131,195,149,231,246,193,229,200,148,204,212,176,175,72,219,172,46,73,219,140,41,153,153,251,6,46,95,243,142,195,149,25,153,153,97,95,81,124,255,12,183,29,51,50,115,247,13,233,167,223,20,77,194,140,204,92,159,119,188,92,142,204,201,44,212,37,176,238,86,204,201,44,244,121,7,135,43,11,50,11,195,190,34,109,51,22,100,22,238,27,40,154,132,5,153,185,62,239,224,182,99,73,102,230,207,143,10,214,221,138,37,153,81,93,242,207,229,200,7,50,163,186,228,77,209,36,124,32,51,170,75,94,138,38,225,35,153,209,240,235,39,217,183,47,252,143,76,140,76,140,76,140,76,140,76,140,76,140,76,204,95,147,139,128,1,18,96,180,214,0,0,0,0,73,69,78,68,174,66,96,130
z,137,80,78,71,13,10,26,10,0,0,0,13,73,72,68,82,0,0,0,40,0,0,0,48,8,0,0,0,0,70,16,103,71,0,0,0,242,73,68,65,84,56,17,141,193,177,109,194,80,0,69,209,251,218,180,136,25,232,105,210,3,11,80,211,185,200,4,30,32,169,61,65,106,75,148,72,116,44,64,147,33,144,24,3,201,210,75,19,248,223,118,138,119,142,76,66,150,201,200,100,100,50,50,25,153,140,76,70,38,35,147,145,201,200,100,100,50,50,25,153,140,76,70,38,35,147,145,201,200,100,100,138,161,233,121,57,237,169,201,20,67,211,243,114,218,83,147,41,134,166,231,105,119,126,163,38,83,12,77,207,159,213,117,193,136,204,204,125,115,91,94,214,140,201,76,61,182,87,78,123,38,100,38,134,166,167,107,153,146,153,248,250,228,227,155,25,153,177,227,129,221,249,141,25,153,145,159,119,86,215,5,115,50,181,251,230,182,188,172,249,135,76,229,177,189,242,212,181,212,100,138,161,233,121,233,90,106,50,197,241,64,209,181,212,100,138,227,129,162,107,169,201,100,100,50,50,25,153,140,76,70,38,35,147,145,201,200,100,100,50,50,25,153,140,76,70,38,243,11,85,86,89,1,44,200,75,163,0,0,0,0,73,69,78,68,174,66,96,130
